Date,HomeTeam,AwayTeam,Home_Team,Home_Home_AvgGoalsFor,Home_Home_AvgGoalsAgainst,Home_Away_AvgGoalsFor,Home_Away_AvgGoalsAgainst,Away_Team,Away_Home_AvgGoalsFor,Away_Home_AvgGoalsAgainst,Away_Away_AvgGoalsFor,Away_Away_AvgGoalsAgainst,GoalDiff,HomeAdvantage,Predicted,Home Win,Draw,Away Win
2025-08-15,Liverpool,Arsenal,Liverpool,2.0864197530864197,0.7777777777777778,1.6714285714285715,1.1877551020408164,Arsenal,2.135523613963039,0.8993839835728953,1.653688524590164,1.165983606557377,0.43273122849625567,1,Home Win,0.4020325743238038,0.39452152588830114,0.20344589978789482
2025-08-16,Man United,Chelsea,Man United,2.0081967213114753,0.8504098360655737,1.5737704918032787,1.1577868852459017,Chelsea,2.0491803278688523,0.8565573770491803,1.570841889117043,1.0821355236139631,0.4373548321944323,1,Draw,0.42629110639378337,0.47646694760079006,0.0972419460054266
2025-08-17,Aston Villa,Tottenham,Aston Villa,1.3874709976798143,1.1786542923433874,1.1527777777777777,1.599537037037037,Tottenham,1.8360655737704918,1.1024590163934427,1.4118852459016393,1.4528688524590163,-0.02441424822182503,1,Away Win,0.24503986274983153,0.20192753901714347,0.5530325982330248
2025-08-18,Burnley,Man City,Burnley,1.0526315789473684,1.391812865497076,0.9415204678362573,1.7251461988304093,Man City,2.189765458422175,0.9253731343283582,1.628997867803838,1.183368869936034,-0.5763662888564696,1,Away Win,0.12258956783956791,0.0,0.8774104321604324
2025-08-19,Arsenal,Nott'm Forest,Arsenal,2.135523613963039,0.8993839835728953,1.653688524590164,1.165983606557377,Nott'm Forest,1.4054054054054055,1.1216216216216217,1.2666666666666666,1.8666666666666667,0.8688569472963725,1,Home Win,0.976754152165917,0.004978609625668449,0.018267238208414676
2025-08-20,Bournemouth,West Ham,Bournemouth,1.3431952662721893,1.3905325443786982,1.2823529411764707,1.888235294117647,West Ham,1.426605504587156,1.353211009174312,1.089655172413793,1.6551724137931034,0.25354009385839626,1,Draw,0.292824531949532,0.42222864635364676,0.28494682169682195
2025-08-21,Brighton,Luton,Brighton,1.3411764705882352,1.311764705882353,1.2544378698224852,1.5680473372781065,Luton,1.4736842105263157,1.9473684210526316,1.263157894736842,2.526315789473684,0.07801857585139316,1,Home Win,0.8840317460317461,0.11210714285714286,0.0038611111111111107
2025-08-22,Everton,Fulham,Everton,1.506122448979592,1.1183673469387756,1.0411522633744856,1.4115226337448559,Fulham,1.3644067796610169,1.307909604519774,0.9633802816901409,1.6084507042253522,0.542742167289451,1,Home Win,0.6885676503080089,0.12999698872238816,0.18143536096960197
2025-08-23,Sheffield United,Crystal Palace,Sheffield United,1.0394736842105263,1.5789473684210527,0.618421052631579,1.855263157894737,Crystal Palace,1.1863117870722433,1.2661596958174905,1.1564885496183206,1.5801526717557253,-0.11701486540779427,1,Away Win,0.3146746031746031,0.020579365079365083,0.6647460317460316
2025-08-24,Newcastle,Aston Villa,Newcastle,1.5879732739420935,1.1937639198218264,1.1266666666666667,1.6444444444444444,Aston Villa,1.3874709976798143,1.1786542923433874,1.1527777777777777,1.599537037037037,0.43519549616431585,1,Home Win,0.5253016575997926,0.4746983424002072,0.0
2025-08-25,Brentford,Tottenham,Brentford,1.7446808510638299,1.4893617021276595,1.3548387096774193,1.4731182795698925,Tottenham,1.8360655737704918,1.1024590163934427,1.4118852459016393,1.4528688524590163,0.33279560516219053,1,Draw,0.05460703675409558,0.5008112497524262,0.4445817134934783
2025-08-26,Chelsea,Liverpool,Chelsea,2.0491803278688523,0.8565573770491803,1.570841889117043,1.0821355236139631,Liverpool,2.0864197530864197,0.7777777777777778,1.6714285714285715,1.1877551020408164,0.3777517564402808,1,Home Win,0.5263676267808421,0.2401679763752171,0.23346439684394094
2025-08-27,Man United,Wolves,Man United,2.0081967213114753,0.8504098360655737,1.5737704918032787,1.1577868852459017,Wolves,1.242152466367713,1.4484304932735426,1.0266666666666666,1.6933333333333334,0.9815300546448087,1,Home Win,0.5759389774685907,0.17117684486871132,0.2528841776626977
2025-08-28,Nott'm Forest,Sheffield United,Nott'm Forest,1.4054054054054055,1.1216216216216217,1.2666666666666666,1.8666666666666667,Sheffield United,1.0394736842105263,1.5789473684210527,0.618421052631579,1.855263157894737,0.7869843527738265,1,Home Win,0.894531746031746,0.042873015873015875,0.06259523809523809
2025-08-29,Fulham,Brentford,Fulham,1.3644067796610169,1.307909604519774,0.9633802816901409,1.6084507042253522,Brentford,1.7446808510638299,1.4893617021276595,1.3548387096774193,1.4731182795698925,0.009568069983597605,1,Home Win,0.6706737891737888,0.014235042735042735,0.31509116809116805
2025-08-30,Liverpool,Bournemouth,Liverpool,2.0864197530864197,0.7777777777777778,1.6714285714285715,1.1877551020408164,Bournemouth,1.3431952662721893,1.3905325443786982,1.2823529411764707,1.888235294117647,0.804066811909949,1,Home Win,1.0,0.0,0.0
2025-08-31,Wolves,Brighton,Wolves,1.242152466367713,1.4484304932735426,1.0266666666666666,1.6933333333333334,Brighton,1.3411764705882352,1.311764705882353,1.2544378698224852,1.5680473372781065,-0.012285403454772137,1,Away Win,0.1659973914973916,0.15392995892995898,0.68007264957265
2025-09-01,Tottenham,Man United,Tottenham,1.8360655737704918,1.1024590163934427,1.4118852459016393,1.4528688524590163,Man United,2.0081967213114753,0.8504098360655737,1.5737704918032787,1.1577868852459017,0.2622950819672132,1,Away Win,0.24308046131101424,0.32851390928690566,0.42840562940207927
2025-09-02,Man City,Newcastle,Man City,2.189765458422175,0.9253731343283582,1.628997867803838,1.183368869936034,Newcastle,1.5879732739420935,1.1937639198218264,1.1266666666666667,1.6444444444444444,1.0630987917555081,1,Home Win,0.8847815602787596,0.05627141908530267,0.05894702063593676
2025-09-03,Aston Villa,Everton,Aston Villa,1.3874709976798143,1.1786542923433874,1.1527777777777777,1.599537037037037,Everton,1.506122448979592,1.1183673469387756,1.0411522633744856,1.4115226337448559,0.34631873430532867,1,Home Win,0.5511555995168252,0.2678879745397032,0.18095642594347155
2025-09-04,West Ham,Chelsea,West Ham,1.426605504587156,1.353211009174312,1.089655172413793,1.6551724137931034,Chelsea,2.0491803278688523,0.8565573770491803,1.570841889117043,1.0821355236139631,-0.14423638452988707,1,Away Win,0.3352967233091988,0.14072395782013744,0.523979318870664
2025-09-05,Crystal Palace,Arsenal,Crystal Palace,1.1863117870722433,1.2661596958174905,1.1564885496183206,1.5801526717557253,Arsenal,2.135523613963039,0.8993839835728953,1.653688524590164,1.165983606557377,-0.46737673751792075,1,Away Win,0.1559082014756906,0.17028892264003004,0.6738028758842787
2025-09-06,Chelsea,Luton,Chelsea,2.0491803278688523,0.8565573770491803,1.570841889117043,1.0821355236139631,Luton,1.4736842105263157,1.9473684210526316,1.263157894736842,2.526315789473684,0.7860224331320103,1,Home Win,0.8009354071854072,0.12266136641136642,0.0764032264032264
2025-09-07,Bournemouth,Tottenham,Bournemouth,1.3431952662721893,1.3905325443786982,1.2823529411764707,1.888235294117647,Tottenham,1.8360655737704918,1.1024590163934427,1.4118852459016393,1.4528688524590163,-0.06868997962945,1,Home Win,0.43372774447774476,0.18627612202612212,0.37999613349613354
2025-09-08,Arsenal,Fulham,Arsenal,2.135523613963039,0.8993839835728953,1.653688524590164,1.165983606557377,Fulham,1.3644067796610169,1.307909604519774,0.9633802816901409,1.6084507042253522,1.1721433322728982,1,Home Win,0.663588070050652,0.3364119299493474,0.0
2025-09-09,Brentford,Crystal Palace,Brentford,1.7446808510638299,1.4893617021276595,1.3548387096774193,1.4731182795698925,Crystal Palace,1.1863117870722433,1.2661596958174905,1.1564885496183206,1.5801526717557253,0.5881923014455093,1,Draw,0.40845445295445293,0.589045547045547,0.0025
2025-09-10,Everton,Wolves,Everton,1.506122448979592,1.1183673469387756,1.0411522633744856,1.4115226337448559,Wolves,1.242152466367713,1.4484304932735426,1.0266666666666666,1.6933333333333334,0.4794557823129253,1,Away Win,0.3983218637657491,0.19607735523563727,0.40560078099861363
2025-09-11,Man United,Nott'm Forest,Man United,2.0081967213114753,0.8504098360655737,1.5737704918032787,1.1577868852459017,Nott'm Forest,1.4054054054054055,1.1216216216216217,1.2666666666666666,1.8666666666666667,0.7415300546448087,1,Home Win,0.6718690476190474,0.0033888888888888888,0.32474206349206347
2025-09-12,Brighton,West Ham,Brighton,1.3411764705882352,1.311764705882353,1.2544378698224852,1.5680473372781065,West Ham,1.426605504587156,1.353211009174312,1.089655172413793,1.6551724137931034,0.25152129817444213,1,Home Win,0.7934462204462204,0.20655377955377965,0.0
2025-09-13,Burnley,Aston Villa,Burnley,1.0526315789473684,1.391812865497076,0.9415204678362573,1.7251461988304093,Aston Villa,1.3874709976798143,1.1786542923433874,1.1527777777777777,1.599537037037037,-0.10014619883040932,1,Away Win,0.07037698412698412,0.0578888888888889,0.8717341269841268
2025-09-14,Sheffield United,Man City,Sheffield United,1.0394736842105263,1.5789473684210527,0.618421052631579,1.855263157894737,Man City,2.189765458422175,0.9253731343283582,1.628997867803838,1.183368869936034,-0.5895241835933116,1,Away Win,0.01410185185185185,0.0075,0.9783981481481483
2025-09-15,Newcastle,Liverpool,Newcastle,1.5879732739420935,1.1937639198218264,1.1266666666666667,1.6444444444444444,Liverpool,2.0864197530864197,0.7777777777777778,1.6714285714285715,1.1877551020408164,-0.08345529748647795,1,Draw,0.35168979929535304,0.35302978577518646,0.2952804149294608
2025-09-16,Luton,West Ham,Luton,1.4736842105263157,1.9473684210526316,1.263157894736842,2.526315789473684,West Ham,1.426605504587156,1.353211009174312,1.089655172413793,1.6551724137931034,0.38402903811252265,1,Away Win,0.19126471861471864,0.05419227994227993,0.7545430014430015
2025-09-17,Sheffield United,Everton,Sheffield United,1.0394736842105263,1.5789473684210527,0.618421052631579,1.855263157894737,Everton,1.506122448979592,1.1183673469387756,1.0411522633744856,1.4115226337448559,-0.001678579163959304,1,Draw,0.0033333333333333335,0.4988051948051947,0.49786147186147206
2025-09-18,Brentford,Bournemouth,Brentford,1.7446808510638299,1.4893617021276595,1.3548387096774193,1.4731182795698925,Bournemouth,1.3431952662721893,1.3905325443786982,1.2823529411764707,1.888235294117647,0.46232790988735917,1,Home Win,0.6517130647130647,0.3335818070818072,0.014705128205128206
2025-09-19,Burnley,Tottenham,Burnley,1.0526315789473684,1.391812865497076,0.9415204678362573,1.7251461988304093,Tottenham,1.8360655737704918,1.1024590163934427,1.4118852459016393,1.4528688524590163,-0.35925366695427097,1,Away Win,0.26029893037245977,0.23094184818449548,0.5087592214430451
2025-09-20,Chelsea,Nott'm Forest,Chelsea,2.0491803278688523,0.8565573770491803,1.570841889117043,1.0821355236139631,Nott'm Forest,1.4054054054054055,1.1216216216216217,1.2666666666666666,1.8666666666666667,0.7825136612021857,1,Draw,0.05049617974617973,0.6377994042994043,0.31170441595441595
2025-09-21,Man City,Fulham,Man City,2.189765458422175,0.9253731343283582,1.628997867803838,1.183368869936034,Fulham,1.3644067796610169,1.307909604519774,0.9633802816901409,1.6084507042253522,1.226385176732034,1,Home Win,0.639425525151127,0.21303111057204827,0.14754336427682452
2025-09-22,Brighton,Newcastle,Brighton,1.3411764705882352,1.311764705882353,1.2544378698224852,1.5680473372781065,Newcastle,1.5879732739420935,1.1937639198218264,1.1266666666666667,1.6444444444444444,0.2145098039215685,1,Draw,0.3141517556517558,0.685848244348244,0.0
2025-09-23,Crystal Palace,Wolves,Crystal Palace,1.1863117870722433,1.2661596958174905,1.1564885496183206,1.5801526717557253,Wolves,1.242152466367713,1.4484304932735426,1.0266666666666666,1.6933333333333334,0.15964512040557666,1,Home Win,0.6548748658748652,0.17140922965922972,0.1737159044659045
2025-09-24,Liverpool,Aston Villa,Liverpool,2.0864197530864197,0.7777777777777778,1.6714285714285715,1.1877551020408164,Aston Villa,1.3874709976798143,1.1786542923433874,1.1527777777777777,1.599537037037037,0.933641975308642,1,Home Win,0.6076131823558054,0.23212291185322603,0.1602639057909685
2025-09-25,Arsenal,Man United,Arsenal,2.135523613963039,0.8993839835728953,1.653688524590164,1.165983606557377,Man United,2.0081967213114753,0.8504098360655737,1.5737704918032787,1.1577868852459017,0.5617531221597605,1,Home Win,0.4436099572433011,0.3349406478385713,0.22144939491812773
2025-09-26,Wolves,Liverpool,Wolves,1.242152466367713,1.4484304932735426,1.0266666666666666,1.6933333333333334,Liverpool,2.0864197530864197,0.7777777777777778,1.6714285714285715,1.1877551020408164,-0.42927610506085845,1,Away Win,0.0,0.18304844584952973,0.8169515541504702
2025-09-27,Aston Villa,Crystal Palace,Aston Villa,1.3874709976798143,1.1786542923433874,1.1527777777777777,1.599537037037037,Crystal Palace,1.1863117870722433,1.2661596958174905,1.1564885496183206,1.5801526717557253,0.2309824480614937,1,Home Win,0.4582452030826643,0.4235000602396117,0.11825473667772425
2025-09-28,Fulham,Luton,Fulham,1.3644067796610169,1.307909604519774,0.9633802816901409,1.6084507042253522,Luton,1.4736842105263157,1.9473684210526316,1.263157894736842,2.526315789473684,0.10124888492417483,1,Home Win,0.920876984126984,0.06163492063492063,0.01748809523809524
2025-09-29,Man United,Brighton,Man United,2.0081967213114753,0.8504098360655737,1.5737704918032787,1.1577868852459017,Brighton,1.3411764705882352,1.311764705882353,1.2544378698224852,1.5680473372781065,0.7537588514889901,1,Home Win,0.534733077108077,0.0,0.465266922891923
2025-09-30,Tottenham,Sheffield United,Tottenham,1.8360655737704918,1.1024590163934427,1.4118852459016393,1.4528688524590163,Sheffield United,1.0394736842105263,1.5789473684210527,0.618421052631579,1.855263157894737,1.2176445211389129,1,Home Win,0.7667526455026454,0.23324735449735462,0.0
2025-10-01,West Ham,Man City,West Ham,1.426605504587156,1.353211009174312,1.089655172413793,1.6551724137931034,Man City,2.189765458422175,0.9253731343283582,1.628997867803838,1.183368869936034,-0.20239236321668197,1,Away Win,0.21297952350367222,0.312193006425439,0.47482747007088877
2025-10-02,Newcastle,Brentford,Newcastle,1.5879732739420935,1.1937639198218264,1.1266666666666667,1.6444444444444444,Brentford,1.7446808510638299,1.4893617021276595,1.3548387096774193,1.4731182795698925,0.23313456426467427,1,Home Win,0.8111032208532212,0.18461900136900142,0.004277777777777777
2025-10-03,Bournemouth,Chelsea,Bournemouth,1.3431952662721893,1.3905325443786982,1.2823529411764707,1.888235294117647,Chelsea,2.0491803278688523,0.8565573770491803,1.570841889117043,1.0821355236139631,-0.2276466228448537,1,Away Win,0.12150498276233568,0.2168675270807626,0.6616274901569017
2025-10-04,Everton,Arsenal,Everton,1.506122448979592,1.1183673469387756,1.0411522633744856,1.4115226337448559,Arsenal,2.135523613963039,0.8993839835728953,1.653688524590164,1.165983606557377,-0.1475660756105721,1,Away Win,0.31715555831269326,0.3230981217771286,0.35974631991017786
2025-10-05,Nott'm Forest,Burnley,Nott'm Forest,1.4054054054054055,1.1216216216216217,1.2666666666666666,1.8666666666666667,Burnley,1.0526315789473684,1.391812865497076,0.9415204678362573,1.7251461988304093,0.46388493756914817,1,Draw,0.18234028934028937,0.7017074129574129,0.11595229770229772
2025-10-06,Crystal Palace,Fulham,Crystal Palace,1.1863117870722433,1.2661596958174905,1.1564885496183206,1.5801526717557253,Fulham,1.3644067796610169,1.307909604519774,0.9633802816901409,1.6084507042253522,0.22293150538210238,1,Away Win,0.30493899156399146,0.1379647852147853,0.5570962232212232
2025-10-07,Luton,Wolves,Luton,1.4736842105263157,1.9473684210526316,1.263157894736842,2.526315789473684,Wolves,1.242152466367713,1.4484304932735426,1.0266666666666666,1.6933333333333334,0.4470175438596491,1,Away Win,0.41445374650766803,0.16707798456082765,0.41846826893150424
2025-10-08,Man City,Nott'm Forest,Man City,2.189765458422175,0.9253731343283582,1.628997867803838,1.183368869936034,Nott'm Forest,1.4054054054054055,1.1216216216216217,1.2666666666666666,1.8666666666666667,0.9230987917555082,1,Home Win,0.9966666666666667,0.0,0.0033333333333333335
2025-10-09,Brentford,Everton,Brentford,1.7446808510638299,1.4893617021276595,1.3548387096774193,1.4731182795698925,Everton,1.506122448979592,1.1183673469387756,1.0411522633744856,1.4115226337448559,0.7035285876893442,1,Draw,0.2506987734487735,0.4932543290043292,0.2560468975468975
2025-10-10,Burnley,Man United,Burnley,1.0526315789473684,1.391812865497076,0.9415204678362573,1.7251461988304093,Man United,2.0081967213114753,0.8504098360655737,1.5737704918032787,1.1577868852459017,-0.5211389128559103,1,Away Win,0.1478844951344952,0.14575590150590154,0.7063596033596036
2025-10-11,Arsenal,Tottenham,Arsenal,2.135523613963039,0.8993839835728953,1.653688524590164,1.165983606557377,Tottenham,1.8360655737704918,1.1024590163934427,1.4118852459016393,1.4528688524590163,0.7236383680613998,1,Home Win,0.736467940158069,0.21024817075586472,0.05328388908606632
2025-10-12,Brighton,Bournemouth,Brighton,1.3411764705882352,1.311764705882353,1.2544378698224852,1.5680473372781065,Bournemouth,1.3431952662721893,1.3905325443786982,1.2823529411764707,1.888235294117647,0.0588235294117645,1,Home Win,0.617428691678692,0.20294119769119767,0.17963011063011067
2025-10-13,Chelsea,Aston Villa,Chelsea,2.0491803278688523,0.8565573770491803,1.570841889117043,1.0821355236139631,Aston Villa,1.3874709976798143,1.1786542923433874,1.1527777777777777,1.599537037037037,0.8964025500910746,1,Home Win,0.6995630227774575,0.09829384713751231,0.2021431300850299
2025-10-14,Liverpool,West Ham,Liverpool,2.0864197530864197,0.7777777777777778,1.6714285714285715,1.1877551020408164,West Ham,1.426605504587156,1.353211009174312,1.089655172413793,1.6551724137931034,0.9967645806726266,1,Home Win,0.8439365154238135,0.11140351129336282,0.04465997328282303
2025-10-15,Sheffield United,Newcastle,Sheffield United,1.0394736842105263,1.5789473684210527,0.618421052631579,1.855263157894737,Newcastle,1.5879732739420935,1.1937639198218264,1.1266666666666667,1.6444444444444444,-0.08719298245614038,1,Away Win,0.31753138528138536,0.012525252525252524,0.669943362193362
2025-10-16,Aston Villa,Brighton,Aston Villa,1.3874709976798143,1.1786542923433874,1.1527777777777777,1.599537037037037,Brighton,1.3411764705882352,1.311764705882353,1.2544378698224852,1.5680473372781065,0.13303312785732913,1,Home Win,0.5791068838568838,0.2779055851555853,0.142987530987531
2025-10-17,Bournemouth,Arsenal,Bournemouth,1.3431952662721893,1.3905325443786982,1.2823529411764707,1.888235294117647,Arsenal,2.135523613963039,0.8993839835728953,1.653688524590164,1.165983606557377,-0.3104932583179747,1,Home Win,0.42320139582639604,0.2830828615828618,0.29371574259074285
2025-10-18,Everton,Luton,Everton,1.506122448979592,1.1183673469387756,1.0411522633744856,1.4115226337448559,Luton,1.4736842105263157,1.9473684210526316,1.263157894736842,2.526315789473684,0.24296455424274988,1,Away Win,0.17453306878306882,0.10489093314093315,0.7205759980759983
2025-10-19,Man United,Crystal Palace,Man United,2.0081967213114753,0.8504098360655737,1.5737704918032787,1.1577868852459017,Crystal Palace,1.1863117870722433,1.2661596958174905,1.1564885496183206,1.5801526717557253,0.8517081716931547,1,Home Win,0.5914551167904741,0.10010343417120904,0.3084414490383161
2025-10-20,Newcastle,Burnley,Newcastle,1.5879732739420935,1.1937639198218264,1.1266666666666667,1.6444444444444444,Burnley,1.0526315789473684,1.391812865497076,0.9415204678362573,1.7251461988304093,0.6464528061058362,1,Home Win,0.5837830502830503,0.41621694971694995,0.0
2025-10-21,West Ham,Sheffield United,West Ham,1.426605504587156,1.353211009174312,1.089655172413793,1.6551724137931034,Sheffield United,1.0394736842105263,1.5789473684210527,0.618421052631579,1.855263157894737,0.808184451955577,1,Home Win,0.7384135401635397,0.2615864598364599,0.0
2025-10-22,Wolves,Man City,Wolves,1.242152466367713,1.4484304932735426,1.0266666666666666,1.6933333333333334,Man City,2.189765458422175,0.9253731343283582,1.628997867803838,1.183368869936034,-0.3868454014361249,1,Away Win,0.38910342217695176,0.0,0.6108965778230477
2025-10-23,Tottenham,Liverpool,Tottenham,1.8360655737704918,1.1024590163934427,1.4118852459016393,1.4528688524590163,Liverpool,2.0864197530864197,0.7777777777777778,1.6714285714285715,1.1877551020408164,0.16463700234192036,1,Away Win,0.365394236159689,0.21230934730457976,0.42229641653573113
2025-10-24,Nott'm Forest,Brentford,Nott'm Forest,1.4054054054054055,1.1216216216216217,1.2666666666666666,1.8666666666666667,Brentford,1.7446808510638299,1.4893617021276595,1.3548387096774193,1.4731182795698925,0.05056669572798622,1,Draw,0.0048461538461538455,0.5214755337255339,0.47367831242831226
2025-10-25,Fulham,Chelsea,Fulham,1.3644067796610169,1.307909604519774,0.9633802816901409,1.6084507042253522,Chelsea,2.0491803278688523,0.8565573770491803,1.570841889117043,1.0821355236139631,-0.20643510945602617,1,Away Win,0.0771306968745049,0.1473195242579919,0.7755497788675023
2025-10-26,Luton,Burnley,Luton,1.4736842105263157,1.9473684210526316,1.263157894736842,2.526315789473684,Burnley,1.0526315789473684,1.391812865497076,0.9415204678362573,1.7251461988304093,0.5321637426900584,1,Home Win,0.4719799783549784,0.1395137085137085,0.3885063131313133
2025-10-27,Luton,Tottenham,Luton,1.4736842105263157,1.9473684210526316,1.263157894736842,2.526315789473684,Tottenham,1.8360655737704918,1.1024590163934427,1.4118852459016393,1.4528688524590163,0.06179896462467638,1,Away Win,0.3108905196244923,0.24853133412265133,0.4405781462528563
2025-10-28,Burnley,Chelsea,Burnley,1.0526315789473684,1.391812865497076,0.9415204678362573,1.7251461988304093,Chelsea,2.0491803278688523,0.8565573770491803,1.570841889117043,1.0821355236139631,-0.5182103101696747,1,Away Win,0.004166666666666667,0.0025,0.9933333333333333
2025-10-29,Everton,Bournemouth,Everton,1.506122448979592,1.1183673469387756,1.0411522633744856,1.4115226337448559,Bournemouth,1.3431952662721893,1.3905325443786982,1.2823529411764707,1.888235294117647,0.22376950780312121,1,Home Win,0.664250802731839,0.0,0.3357491972681602
2025-10-30,Fulham,Sheffield United,Fulham,1.3644067796610169,1.307909604519774,0.9633802816901409,1.6084507042253522,Sheffield United,1.0394736842105263,1.5789473684210527,0.618421052631579,1.855263157894737,0.7459857270294379,1,Home Win,0.9433333333333334,0.05404761904761905,0.002619047619047619
2025-10-31,Man United,Brentford,Man United,2.0081967213114753,0.8504098360655737,1.5737704918032787,1.1577868852459017,Brentford,1.7446808510638299,1.4893617021276595,1.3548387096774193,1.4731182795698925,0.653358011634056,1,Home Win,0.9696137849079025,0.007634581105169339,0.022751633986928102
2025-11-01,Crystal Palace,Nott'm Forest,Crystal Palace,1.1863117870722433,1.2661596958174905,1.1564885496183206,1.5801526717557253,Nott'm Forest,1.4054054054054055,1.1216216216216217,1.2666666666666666,1.8666666666666667,-0.08035487959442333,1,Draw,0.00872863247863248,0.983258547008547,0.008012820512820512
2025-11-02,Brighton,Liverpool,Brighton,1.3411764705882352,1.311764705882353,1.2544378698224852,1.5680473372781065,Liverpool,2.0864197530864197,0.7777777777777778,1.6714285714285715,1.1877551020408164,-0.3302521008403363,1,Away Win,0.3484058580308583,0.150690614940615,0.500903527028527
2025-11-03,West Ham,Newcastle,West Ham,1.426605504587156,1.353211009174312,1.089655172413793,1.6551724137931034,Newcastle,1.5879732739420935,1.1937639198218264,1.1266666666666667,1.6444444444444444,0.29993883792048925,1,Away Win,0.3865343061868362,0.15299001204401005,0.4604756817691539
2025-11-04,Wolves,Aston Villa,Wolves,1.242152466367713,1.4484304932735426,1.0266666666666666,1.6933333333333334,Aston Villa,1.3874709976798143,1.1786542923433874,1.1527777777777777,1.599537037037037,0.08937468858993536,1,Away Win,0.2650590150590154,0.3025169460169462,0.4324240389240389
2025-11-05,Arsenal,Man City,Arsenal,2.135523613963039,0.8993839835728953,1.653688524590164,1.165983606557377,Man City,2.189765458422175,0.9253731343283582,1.628997867803838,1.183368869936034,0.5065257461592012,1,Home Win,0.53454246606159,0.25425443487456584,0.21120309906384457
2025-11-06,Liverpool,Everton,Liverpool,2.0864197530864197,0.7777777777777778,1.6714285714285715,1.1877551020408164,Everton,1.506122448979592,1.1183673469387756,1.0411522633744856,1.4115226337448559,1.045267489711934,1,Home Win,0.5298231209697025,0.41964303708684075,0.050533841943456705
2025-11-07,Bournemouth,Wolves,Bournemouth,1.3431952662721893,1.3905325443786982,1.2823529411764707,1.888235294117647,Wolves,1.242152466367713,1.4484304932735426,1.0266666666666666,1.6933333333333334,0.3165285996055227,1,Away Win,0.0014285714285714286,0.34611989861989895,0.6524515299515301
2025-11-08,Brentford,Burnley,Brentford,1.7446808510638299,1.4893617021276595,1.3548387096774193,1.4731182795698925,Burnley,1.0526315789473684,1.391812865497076,0.9415204678362573,1.7251461988304093,0.8031603832275725,1,Home Win,0.9485170755170755,0.03123544973544974,0.020247474747474747
2025-11-09,Man City,Brighton,Man City,2.189765458422175,0.9253731343283582,1.628997867803838,1.183368869936034,Brighton,1.3411764705882352,1.311764705882353,1.2544378698224852,1.5680473372781065,0.9353275885996897,1,Home Win,0.8145852573352573,0.1854147426647428,0.0
2025-11-10,Newcastle,Crystal Palace,Newcastle,1.5879732739420935,1.1937639198218264,1.1266666666666667,1.6444444444444444,Crystal Palace,1.1863117870722433,1.2661596958174905,1.1564885496183206,1.5801526717557253,0.43148472432377294,1,Home Win,0.6660171472261246,0.21579306490722924,0.1181897878666455
2025-11-11,Nott'm Forest,Luton,Nott'm Forest,1.4054054054054055,1.1216216216216217,1.2666666666666666,1.8666666666666667,Luton,1.4736842105263157,1.9473684210526316,1.263157894736842,2.526315789473684,0.14224751066856345,1,Draw,0.25811111111111107,0.6908888888888889,0.051000000000000004
2025-11-12,Chelsea,Arsenal,Chelsea,2.0491803278688523,0.8565573770491803,1.570841889117043,1.0821355236139631,Arsenal,2.135523613963039,0.8993839835728953,1.653688524590164,1.165983606557377,0.39549180327868827,1,Draw,0.3685504140278738,0.42206017300951315,0.2093894129626127
2025-11-13,Sheffield United,Man United,Sheffield United,1.0394736842105263,1.5789473684210527,0.618421052631579,1.855263157894737,Man United,2.0081967213114753,0.8504098360655737,1.5737704918032787,1.1577868852459017,-0.5342968075927523,1,Away Win,0.03709126984126984,0.4701044973544976,0.4928042328042325
2025-11-14,Aston Villa,West Ham,Aston Villa,1.3874709976798143,1.1786542923433874,1.1527777777777777,1.599537037037037,West Ham,1.426605504587156,1.353211009174312,1.089655172413793,1.6551724137931034,0.29781582526602124,1,Home Win,0.46904965698564494,0.3494406012903102,0.1815097417240455
2025-11-15,Tottenham,Fulham,Tottenham,1.8360655737704918,1.1024590163934427,1.4118852459016393,1.4528688524590163,Fulham,1.3644067796610169,1.307909604519774,0.9633802816901409,1.6084507042253522,0.872685292080351,1,Home Win,0.5316283098406177,0.33409741774090485,0.13427427241847767
2025-11-16,Crystal Palace,Tottenham,Crystal Palace,1.1863117870722433,1.2661596958174905,1.1564885496183206,1.5801526717557253,Tottenham,1.8360655737704918,1.1024590163934427,1.4118852459016393,1.4528688524590163,-0.22557345882939606,1,Home Win,0.4689299180351811,0.1747575617966486,0.35631252016817017
2025-11-17,Chelsea,Brentford,Chelsea,2.0491803278688523,0.8565573770491803,1.570841889117043,1.0821355236139631,Brentford,1.7446808510638299,1.4893617021276595,1.3548387096774193,1.4731182795698925,0.694341618191433,1,Away Win,0.27213624338624354,0.0011111111111111111,0.7267526455026455
2025-11-18,Arsenal,Sheffield United,Arsenal,2.135523613963039,0.8993839835728953,1.653688524590164,1.165983606557377,Sheffield United,1.0394736842105263,1.5789473684210527,0.618421052631579,1.855263157894737,1.5171025613314602,1,Home Win,0.6827658730158729,0.31590079365079354,0.0013333333333333335
2025-11-19,Bournemouth,Burnley,Bournemouth,1.3431952662721893,1.3905325443786982,1.2823529411764707,1.888235294117647,Burnley,1.0526315789473684,1.391812865497076,0.9415204678362573,1.7251461988304093,0.401674798435932,1,Away Win,0.4894824434824432,0.0067777777777777775,0.503739778739779
2025-11-20,Wolves,Newcastle,Wolves,1.242152466367713,1.4484304932735426,1.0266666666666666,1.6933333333333334,Newcastle,1.5879732739420935,1.1937639198218264,1.1266666666666667,1.6444444444444444,0.11548579970104633,1,Draw,0.0,0.6634244184464766,0.33657558155352285
2025-11-21,West Ham,Everton,West Ham,1.426605504587156,1.353211009174312,1.089655172413793,1.6551724137931034,Everton,1.506122448979592,1.1183673469387756,1.0411522633744856,1.4115226337448559,0.38545324121267033,1,Away Win,0.2721592438805389,0.3329148453132895,0.3949259108061709
2025-11-22,Aston Villa,Luton,Aston Villa,1.3874709976798143,1.1786542923433874,1.1527777777777777,1.599537037037037,Luton,1.4736842105263157,1.9473684210526316,1.263157894736842,2.526315789473684,0.12431310294297226,1,Home Win,0.8895833333333333,0.08591666666666667,0.0245
2025-11-23,Brighton,Fulham,Brighton,1.3411764705882352,1.311764705882353,1.2544378698224852,1.5680473372781065,Fulham,1.3644067796610169,1.307909604519774,0.9633802816901409,1.6084507042253522,0.3777961888980943,1,Draw,0.19002272727272732,0.5977373737373731,0.21223989898989912
2025-11-24,Liverpool,Nott'm Forest,Liverpool,2.0864197530864197,0.7777777777777778,1.6714285714285715,1.1877551020408164,Nott'm Forest,1.4054054054054055,1.1216216216216217,1.2666666666666666,1.8666666666666667,0.8197530864197531,1,Home Win,0.5080119047619047,0.0004444444444444444,0.4915436507936508
2025-11-25,Man United,Man City,Man United,2.0081967213114753,0.8504098360655737,1.5737704918032787,1.1577868852459017,Man City,2.189765458422175,0.9253731343283582,1.628997867803838,1.183368869936034,0.3791988535076374,1,Draw,0.27162666596908636,0.3658650080264406,0.362508326004472
2025-11-26,Fulham,Man United,Fulham,1.3644067796610169,1.307909604519774,0.9633802816901409,1.6084507042253522,Man United,2.0081967213114753,0.8504098360655737,1.5737704918032787,1.1577868852459017,-0.2093637121422618,1,Away Win,0.14050600265834498,0.27058680517657163,0.5889071921650835
2025-11-27,Brentford,West Ham,Brentford,1.7446808510638299,1.4893617021276595,1.3548387096774193,1.4731182795698925,West Ham,1.426605504587156,1.353211009174312,1.089655172413793,1.6551724137931034,0.6550256786500368,1,Home Win,0.6056056443556443,0.3915054667554671,0.002888888888888889
2025-11-28,Burnley,Crystal Palace,Burnley,1.0526315789473684,1.391812865497076,0.9415204678362573,1.7251461988304093,Crystal Palace,1.1863117870722433,1.2661596958174905,1.1564885496183206,1.5801526717557253,-0.10385697067095223,1,Away Win,0.2517740500240501,0.2349650072150073,0.5132609427609428
2025-11-29,Everton,Brighton,Everton,1.506122448979592,1.1183673469387756,1.0411522633744856,1.4115226337448559,Brighton,1.3411764705882352,1.311764705882353,1.2544378698224852,1.5680473372781065,0.25168457915710674,1,Home Win,0.567199735449735,0.1451375476375477,0.28766271691271694
2025-11-30,Man City,Bournemouth,Man City,2.189765458422175,0.9253731343283582,1.628997867803838,1.183368869936034,Bournemouth,1.3431952662721893,1.3905325443786982,1.2823529411764707,1.888235294117647,0.9074125172457042,1,Home Win,1.0,0.0,0.0
2025-12-01,Sheffield United,Wolves,Sheffield United,1.0394736842105263,1.5789473684210527,0.618421052631579,1.855263157894737,Wolves,1.242152466367713,1.4484304932735426,1.0266666666666666,1.6933333333333334,0.012807017543859711,1,Home Win,0.6248008658008658,0.028512265512265517,0.3466868686868688
2025-12-02,Newcastle,Arsenal,Newcastle,1.5879732739420935,1.1937639198218264,1.1266666666666667,1.6444444444444444,Arsenal,2.135523613963039,0.8993839835728953,1.653688524590164,1.165983606557377,-0.06571525064807049,1,Away Win,0.29203998000507403,0.2378916073188706,0.47006841267605526
2025-12-03,Nott'm Forest,Aston Villa,Nott'm Forest,1.4054054054054055,1.1216216216216217,1.2666666666666666,1.8666666666666667,Aston Villa,1.3874709976798143,1.1786542923433874,1.1527777777777777,1.599537037037037,0.2526276276276278,1,Home Win,0.7551725336067441,0.23621426672742474,0.008613199665831245
2025-12-04,Luton,Liverpool,Luton,1.4736842105263157,1.9473684210526316,1.263157894736842,2.526315789473684,Liverpool,2.0864197530864197,0.7777777777777778,1.6714285714285715,1.1877551020408164,-0.19774436090225578,1,Draw,0.07931922105541368,0.7064409394666495,0.21423983947793676
2025-12-05,Tottenham,Chelsea,Tottenham,1.8360655737704918,1.1024590163934427,1.4118852459016393,1.4528688524590163,Chelsea,2.0491803278688523,0.8565573770491803,1.570841889117043,1.0821355236139631,0.2652236846534488,1,Away Win,0.23579779598696826,0.23915584998490572,0.5250463540281262
2025-12-06,Wolves,Tottenham,Wolves,1.242152466367713,1.4484304932735426,1.0266666666666666,1.6933333333333334,Tottenham,1.8360655737704918,1.1024590163934427,1.4118852459016393,1.4528688524590163,-0.1697327795339263,1,Home Win,0.5776146723646721,0.0011111111111111111,0.4212742165242165
2025-12-07,Arsenal,Burnley,Arsenal,2.135523613963039,0.8993839835728953,1.653688524590164,1.165983606557377,Burnley,1.0526315789473684,1.391812865497076,0.9415204678362573,1.7251461988304093,1.1940031461267817,1,Home Win,0.8580497927997932,0.14195020720020732,0.0
2025-12-08,Crystal Palace,Everton,Crystal Palace,1.1863117870722433,1.2661596958174905,1.1564885496183206,1.5801526717557253,Everton,1.506122448979592,1.1183673469387756,1.0411522633744856,1.4115226337448559,0.14515952369775764,1,Away Win,0.07993063606948378,0.3910787025843393,0.5289906613461773
2025-12-09,Man United,Luton,Man United,2.0081967213114753,0.8504098360655737,1.5737704918032787,1.1577868852459017,Luton,1.4736842105263157,1.9473684210526316,1.263157894736842,2.526315789473684,0.7450388265746333,1,Home Win,0.899911941544294,0.015269847255141371,0.08481821120056411
2025-12-10,Bournemouth,Newcastle,Bournemouth,1.3431952662721893,1.3905325443786982,1.2823529411764707,1.888235294117647,Newcastle,1.5879732739420935,1.1937639198218264,1.1266666666666667,1.6444444444444444,0.21652859960552262,1,Draw,0.14571311096311115,0.6883364690864687,0.1659504199504201
2025-12-11,Aston Villa,Fulham,Aston Villa,1.3874709976798143,1.1786542923433874,1.1527777777777777,1.599537037037037,Fulham,1.3644067796610169,1.307909604519774,0.9633802816901409,1.6084507042253522,0.4240907159896734,1,Home Win,0.6053504885303129,0.3241134732475033,0.07053603822218371
2025-12-12,Brighton,Sheffield United,Brighton,1.3411764705882352,1.311764705882353,1.2544378698224852,1.5680473372781065,Sheffield United,1.0394736842105263,1.5789473684210527,0.618421052631579,1.855263157894737,0.7227554179566562,1,Draw,0.013888888888888886,0.6399537037037035,0.34615740740740736
2025-12-13,Liverpool,Brentford,Liverpool,2.0864197530864197,0.7777777777777778,1.6714285714285715,1.1877551020408164,Brentford,1.7446808510638299,1.4893617021276595,1.3548387096774193,1.4731182795698925,0.7315810434090004,1,Home Win,0.9980072463768117,0.0011594202898550724,0.0008333333333333334
2025-12-14,West Ham,Nott'm Forest,West Ham,1.426605504587156,1.353211009174312,1.089655172413793,1.6551724137931034,Nott'm Forest,1.4054054054054055,1.1216216216216217,1.2666666666666666,1.8666666666666667,0.15993883792048935,1,Home Win,0.6494629629629628,0.008095238095238096,0.3424417989417989
2025-12-15,Chelsea,Man City,Chelsea,2.0491803278688523,0.8565573770491803,1.570841889117043,1.0821355236139631,Man City,2.189765458422175,0.9253731343283582,1.628997867803838,1.183368869936034,0.42018246006501436,1,Home Win,0.4305441592838857,0.2083482991572753,0.3611075415588388
2025-12-16,Man City,Liverpool,Man City,2.189765458422175,0.9253731343283582,1.628997867803838,1.183368869936034,Liverpool,2.0864197530864197,0.7777777777777778,1.6714285714285715,1.1877551020408164,0.5183368869936034,1,Home Win,0.43521316784347497,0.2753052327181041,0.28948159943842117
2025-12-17,Burnley,West Ham,Burnley,1.0526315789473684,1.391812865497076,0.9415204678362573,1.7251461988304093,West Ham,1.426605504587156,1.353211009174312,1.089655172413793,1.6551724137931034,-0.0370235934664247,1,Away Win,0.3357393611290671,0.2247764838647194,0.43948415500621385
2025-12-18,Luton,Crystal Palace,Luton,1.4736842105263157,1.9473684210526316,1.263157894736842,2.526315789473684,Crystal Palace,1.1863117870722433,1.2661596958174905,1.1564885496183206,1.5801526717557253,0.3171956609079951,1,Away Win,0.35203289722260317,0.14071437157613625,0.5072527312012608
2025-12-19,Newcastle,Chelsea,Newcastle,1.5879732739420935,1.1937639198218264,1.1266666666666667,1.6444444444444444,Chelsea,2.0491803278688523,0.8565573770491803,1.570841889117043,1.0821355236139631,0.0171313848250505,1,Home Win,0.49629057901265206,0.15586186262904764,0.3478475583583008
2025-12-20,Nott'm Forest,Brighton,Nott'm Forest,1.4054054054054055,1.1216216216216217,1.2666666666666666,1.8666666666666667,Brighton,1.3411764705882352,1.311764705882353,1.2544378698224852,1.5680473372781065,0.1509675355829203,1,Home Win,0.7287367724867726,0.019574074074074074,0.25168915343915366
2025-12-21,Sheffield United,Bournemouth,Sheffield United,1.0394736842105263,1.5789473684210527,0.618421052631579,1.855263157894737,Bournemouth,1.3431952662721893,1.3905325443786982,1.2823529411764707,1.888235294117647,-0.24287925696594437,1,Away Win,0.47400793650793654,0.01,0.5159920634920634
2025-12-22,Brentford,Arsenal,Brentford,1.7446808510638299,1.4893617021276595,1.3548387096774193,1.4731182795698925,Arsenal,2.135523613963039,0.8993839835728953,1.653688524590164,1.165983606557377,0.09099232647366584,1,Away Win,0.25810480260480273,0.00411297852474323,0.7377822188704546
2025-12-23,Tottenham,Aston Villa,Tottenham,1.8360655737704918,1.1024590163934427,1.4118852459016393,1.4528688524590163,Aston Villa,1.3874709976798143,1.1786542923433874,1.1527777777777777,1.599537037037037,0.6832877959927142,1,Home Win,0.6577894319200546,0.22927112711787667,0.11293944096206893
2025-12-24,Everton,Man United,Everton,1.506122448979592,1.1183673469387756,1.0411522633744856,1.4115226337448559,Man United,2.0081967213114753,0.8504098360655737,1.5737704918032787,1.1577868852459017,-0.06764804282368675,1,Away Win,0.2808628454768502,0.2399905999774597,0.47914655454568994
2025-12-25,Fulham,Wolves,Fulham,1.3644067796610169,1.307909604519774,0.9633802816901409,1.6084507042253522,Wolves,1.242152466367713,1.4484304932735426,1.0266666666666666,1.6933333333333334,0.33774011299435025,1,Away Win,0.28464573389573417,0.2803467735967736,0.43500749250749254
2025-12-26,Arsenal,Wolves,Arsenal,2.135523613963039,0.8993839835728953,1.653688524590164,1.165983606557377,Wolves,1.242152466367713,1.4484304932735426,1.0266666666666666,1.6933333333333334,1.1088569472963725,1,Home Win,0.5030903078403076,0.49690969215969233,0.0
2025-12-27,Brentford,Luton,Brentford,1.7446808510638299,1.4893617021276595,1.3548387096774193,1.4731182795698925,Luton,1.4736842105263157,1.9473684210526316,1.263157894736842,2.526315789473684,0.4815229563269878,1,Home Win,0.5154801587301586,0.23779761904761904,0.24672222222222223
2025-12-28,Burnley,Sheffield United,Burnley,1.0526315789473684,1.391812865497076,0.9415204678362573,1.7251461988304093,Sheffield United,1.0394736842105263,1.5789473684210527,0.618421052631579,1.855263157894737,0.4342105263157894,1,Home Win,0.47741269841269834,0.4726349206349207,0.04995238095238095
2025-12-29,Nott'm Forest,Everton,Nott'm Forest,1.4054054054054055,1.1216216216216217,1.2666666666666666,1.8666666666666667,Everton,1.506122448979592,1.1183673469387756,1.0411522633744856,1.4115226337448559,0.36425314203091985,1,Away Win,0.00625,0.2519378306878309,0.7418121693121689
2025-12-30,Newcastle,Man United,Newcastle,1.5879732739420935,1.1937639198218264,1.1266666666666667,1.6444444444444444,Man United,2.0081967213114753,0.8504098360655737,1.5737704918032787,1.1577868852459017,0.014202782138814873,1,Away Win,0.30716970649278225,0.2152963601181021,0.47753393338911576
2025-12-31,Bournemouth,Aston Villa,Bournemouth,1.3431952662721893,1.3905325443786982,1.2823529411764707,1.888235294117647,Aston Villa,1.3874709976798143,1.1786542923433874,1.1527777777777777,1.599537037037037,0.19041748849441165,1,Home Win,0.5062683792815371,0.2537922584238376,0.23993936229462554
2026-01-01,Chelsea,Brighton,Chelsea,2.0491803278688523,0.8565573770491803,1.570841889117043,1.0821355236139631,Brighton,1.3411764705882352,1.311764705882353,1.2544378698224852,1.5680473372781065,0.7947424580463671,1,Home Win,0.5778034558034558,0.28935255485255496,0.13284398934398942
2026-01-02,Liverpool,Fulham,Liverpool,2.0864197530864197,0.7777777777777778,1.6714285714285715,1.1877551020408164,Fulham,1.3644067796610169,1.307909604519774,0.9633802816901409,1.6084507042253522,1.1230394713962788,1,Home Win,0.5692030070559853,0.3127340671173047,0.11806292582670976
2026-01-03,West Ham,Crystal Palace,West Ham,1.426605504587156,1.353211009174312,1.089655172413793,1.6551724137931034,Crystal Palace,1.1863117870722433,1.2661596958174905,1.1564885496183206,1.5801526717557253,0.27011695496883537,1,Draw,0.2133624033918152,0.4000750777000779,0.3865625189081071
2026-01-04,Man City,Tottenham,Man City,2.189765458422175,0.9253731343283582,1.628997867803838,1.183368869936034,Tottenham,1.8360655737704918,1.1024590163934427,1.4118852459016393,1.4528688524590163,0.7778802125205355,1,Home Win,0.42839660638180815,0.18211137528932872,0.3894920183288623
2026-01-05,Wolves,Burnley,Wolves,1.242152466367713,1.4484304932735426,1.0266666666666666,1.6933333333333334,Burnley,1.0526315789473684,1.391812865497076,0.9415204678362573,1.7251461988304093,0.3006319985314557,1,Draw,0.4890479797979797,0.5009520202020202,0.01
2026-01-06,Luton,Arsenal,Luton,1.4736842105263157,1.9473684210526316,1.263157894736842,2.526315789473684,Arsenal,2.135523613963039,0.8993839835728953,1.653688524590164,1.165983606557377,-0.18000431406384831,1,Away Win,0.10622107745071464,0.2849232252589097,0.6088556972903751
2026-01-07,Brighton,Brentford,Brighton,1.3411764705882352,1.311764705882353,1.2544378698224852,1.5680473372781065,Brentford,1.7446808510638299,1.4893617021276595,1.3548387096774193,1.4731182795698925,-0.01366223908918407,1,Draw,0.3994444444444445,0.5965555555555556,0.004
2026-01-08,Crystal Palace,Bournemouth,Crystal Palace,1.1863117870722433,1.2661596958174905,1.1564885496183206,1.5801526717557253,Bournemouth,1.3431952662721893,1.3905325443786982,1.2823529411764707,1.888235294117647,-0.09604115410422742,1,Home Win,0.3439342046842049,0.3271910311910314,0.32887476412476424
2026-01-09,Fulham,Nott'm Forest,Fulham,1.3644067796610169,1.307909604519774,0.9633802816901409,1.6084507042253522,Nott'm Forest,1.4054054054054055,1.1216216216216217,1.2666666666666666,1.8666666666666667,0.09774011299435026,1,Home Win,0.9883333333333333,0.011666666666666667,0.0
2026-01-10,Sheffield United,Liverpool,Sheffield United,1.0394736842105263,1.5789473684210527,0.618421052631579,1.855263157894737,Liverpool,2.0864197530864197,0.7777777777777778,1.6714285714285715,1.1877551020408164,-0.6319548872180452,1,Away Win,0.0004166666666666667,0.25325132275132295,0.746332010582011
2026-01-11,Aston Villa,Man City,Aston Villa,1.3874709976798143,1.1786542923433874,1.1527777777777777,1.599537037037037,Man City,2.189765458422175,0.9253731343283582,1.628997867803838,1.183368869936034,-0.24152687012402363,1,Home Win,0.4074455833210476,0.25841761392775325,0.33413680275119895
2026-01-12,Man United,Chelsea,Man United,2.0081967213114753,0.8504098360655737,1.5737704918032787,1.1577868852459017,Chelsea,2.0491803278688523,0.8565573770491803,1.570841889117043,1.0821355236139631,0.4373548321944323,1,Draw,0.42629110639378337,0.47646694760079006,0.0972419460054266
2026-01-13,Everton,Newcastle,Everton,1.506122448979592,1.1183673469387756,1.0411522633744856,1.4115226337448559,Newcastle,1.5879732739420935,1.1937639198218264,1.1266666666666667,1.6444444444444444,0.3794557823129252,1,Draw,0.3451171373763408,0.41273398797583294,0.24214887464782597
2026-01-14,Tottenham,West Ham,Tottenham,1.8360655737704918,1.1024590163934427,1.4118852459016393,1.4528688524590163,West Ham,1.426605504587156,1.353211009174312,1.089655172413793,1.6551724137931034,0.7464104013566988,1,Home Win,0.6053958461632877,0.22050656957399564,0.1740975842627168
2026-01-15,Crystal Palace,Liverpool,Crystal Palace,1.1863117870722433,1.2661596958174905,1.1564885496183206,1.5801526717557253,Liverpool,2.0864197530864197,0.7777777777777778,1.6714285714285715,1.1877551020408164,-0.4851167843563282,1,Away Win,0.096362899269633,0.19888836753774852,0.704748733192618
2026-01-16,Brighton,Burnley,Brighton,1.3411764705882352,1.311764705882353,1.2544378698224852,1.5680473372781065,Burnley,1.0526315789473684,1.391812865497076,0.9415204678362573,1.7251461988304093,0.3996560027519779,1,Draw,0.0125,0.7135661375661375,0.27393386243386253
2026-01-17,Man United,Bournemouth,Man United,2.0081967213114753,0.8504098360655737,1.5737704918032787,1.1577868852459017,Bournemouth,1.3431952662721893,1.3905325443786982,1.2823529411764707,1.888235294117647,0.7258437801350046,1,Home Win,0.5583048552754436,0.11464661863191283,0.3270485260926439
2026-01-18,Sheffield United,Brentford,Sheffield United,1.0394736842105263,1.5789473684210527,0.618421052631579,1.855263157894737,Brentford,1.7446808510638299,1.4893617021276595,1.3548387096774193,1.4731182795698925,-0.31536502546689293,1,Home Win,0.7286468253968256,0.032935185185185185,0.23841798941798936
2026-01-19,Wolves,Nott'm Forest,Wolves,1.242152466367713,1.4484304932735426,1.0266666666666666,1.6933333333333334,Nott'm Forest,1.4054054054054055,1.1216216216216217,1.2666666666666666,1.8666666666666667,-0.02451420029895357,1,Away Win,0.3612936507936508,0.0033333333333333335,0.6353730158730156
2026-01-20,Aston Villa,Arsenal,Aston Villa,1.3874709976798143,1.1786542923433874,1.1527777777777777,1.599537037037037,Arsenal,2.135523613963039,0.8993839835728953,1.653688524590164,1.165983606557377,-0.2662175269103497,1,Away Win,0.11558614217284353,0.28039753893873826,0.6040163188884179
2026-01-21,Everton,Chelsea,Everton,1.506122448979592,1.1183673469387756,1.0411522633744856,1.4115226337448559,Chelsea,2.0491803278688523,0.8565573770491803,1.570841889117043,1.0821355236139631,-0.06471944013745112,1,Home Win,0.41217311822202496,0.2299169493597332,0.3579099324182417
2026-01-22,Fulham,West Ham,Fulham,1.3644067796610169,1.307909604519774,0.9633802816901409,1.6084507042253522,West Ham,1.426605504587156,1.353211009174312,1.089655172413793,1.6551724137931034,0.2747516072472238,1,Away Win,0.23005718515031678,0.2167752678072542,0.5531675470424292
2026-01-23,Luton,Man City,Luton,1.4736842105263157,1.9473684210526316,1.263157894736842,2.526315789473684,Man City,2.189765458422175,0.9253731343283582,1.628997867803838,1.183368869936034,-0.15531365727752222,1,Away Win,0.05339207831503003,0.1091883617220753,0.8374195599628944
2026-01-24,Tottenham,Newcastle,Tottenham,1.8360655737704918,1.1024590163934427,1.4118852459016393,1.4528688524590163,Newcastle,1.5879732739420935,1.1937639198218264,1.1266666666666667,1.6444444444444444,0.7093989071038251,1,Away Win,0.46917974628350606,0.0,0.5308202537164938
2026-01-25,Nott'm Forest,Tottenham,Nott'm Forest,1.4054054054054055,1.1216216216216217,1.2666666666666666,1.8666666666666667,Tottenham,1.8360655737704918,1.1024590163934427,1.4118852459016393,1.4528688524590163,-0.006479840496233846,1,Home Win,0.6482546712546715,0.013129648129648131,0.3386156806156808
2026-01-26,Chelsea,Sheffield United,Chelsea,2.0491803278688523,0.8565573770491803,1.570841889117043,1.0821355236139631,Sheffield United,1.0394736842105263,1.5789473684210527,0.618421052631579,1.855263157894737,1.4307592752372733,1,Home Win,0.6880198412698411,0.3119801587301588,0.0
2026-01-27,Man City,Crystal Palace,Man City,2.189765458422175,0.9253731343283582,1.628997867803838,1.183368869936034,Crystal Palace,1.1863117870722433,1.2661596958174905,1.1564885496183206,1.5801526717557253,1.0332769088038543,1,Home Win,0.6879721169353515,0.205693924539513,0.10633395852513494
2026-01-28,Newcastle,Fulham,Newcastle,1.5879732739420935,1.1937639198218264,1.1266666666666667,1.6444444444444444,Fulham,1.3644067796610169,1.307909604519774,0.9633802816901409,1.6084507042253522,0.6245929922519526,1,Home Win,0.5416793181116516,0.2617943952724009,0.1965262866159471
2026-01-29,Burnley,Everton,Burnley,1.0526315789473684,1.391812865497076,0.9415204678362573,1.7251461988304093,Everton,1.506122448979592,1.1183673469387756,1.0411522633744856,1.4115226337448559,0.011479315572882731,1,Home Win,0.6457783327783321,0.11734062234062231,0.23688104488104514
2026-01-30,Arsenal,Brighton,Arsenal,2.135523613963039,0.8993839835728953,1.653688524590164,1.165983606557377,Brighton,1.3411764705882352,1.311764705882353,1.2544378698224852,1.5680473372781065,0.881085744140554,1,Draw,0.36596259296259304,0.3759368686868688,0.2581005383505385
2026-01-31,Brentford,Aston Villa,Brentford,1.7446808510638299,1.4893617021276595,1.3548387096774193,1.4731182795698925,Aston Villa,1.3874709976798143,1.1786542923433874,1.1527777777777777,1.599537037037037,0.5919030732860522,1,Away Win,0.20145818070818086,0.20583703333703338,0.5927047859547856
2026-02-01,West Ham,Wolves,West Ham,1.426605504587156,1.353211009174312,1.089655172413793,1.6551724137931034,Wolves,1.242152466367713,1.4484304932735426,1.0266666666666666,1.6933333333333334,0.39993883792048934,1,Home Win,0.6799941257286454,0.0,0.3200058742713544
2026-02-02,Liverpool,Man United,Liverpool,2.0864197530864197,0.7777777777777778,1.6714285714285715,1.1877551020408164,Man United,2.0081967213114753,0.8504098360655737,1.5737704918032787,1.1577868852459017,0.512649261283141,1,Home Win,0.37488502391408574,0.25496667749793545,0.3701482985879789
2026-02-03,Crystal Palace,Brighton,Crystal Palace,1.1863117870722433,1.2661596958174905,1.1564885496183206,1.5801526717557253,Brighton,1.3411764705882352,1.311764705882353,1.2544378698224852,1.5680473372781065,-0.0681260827502419,1,Draw,0.3322949424300043,0.5566827013858747,0.11102235618412086
2026-02-04,Aston Villa,Sheffield United,Aston Villa,1.3874709976798143,1.1786542923433874,1.1527777777777777,1.599537037037037,Sheffield United,1.0394736842105263,1.5789473684210527,0.618421052631579,1.855263157894737,0.7690499450482353,1,Home Win,0.6968134920634916,0.3027103174603174,0.0004761904761904762
2026-02-05,West Ham,Man United,West Ham,1.426605504587156,1.353211009174312,1.089655172413793,1.6551724137931034,Man United,2.0081967213114753,0.8504098360655737,1.5737704918032787,1.1577868852459017,-0.1471649872161227,1,Away Win,0.3690332647525198,0.20186038773237353,0.42910634751510646
2026-02-06,Fulham,Burnley,Fulham,1.3644067796610169,1.307909604519774,0.9633802816901409,1.6084507042253522,Burnley,1.0526315789473684,1.391812865497076,0.9415204678362573,1.7251461988304093,0.42288631182475955,1,Home Win,0.9291785714285716,0.04867857142857144,0.02214285714285714
2026-02-07,Luton,Newcastle,Luton,1.4736842105263157,1.9473684210526316,1.263157894736842,2.526315789473684,Newcastle,1.5879732739420935,1.1937639198218264,1.1266666666666667,1.6444444444444444,0.347017543859649,1,Home Win,0.7088805331808429,0.0818850011119103,0.20923446570724694
2026-02-08,Nott'm Forest,Bournemouth,Nott'm Forest,1.4054054054054055,1.1216216216216217,1.2666666666666666,1.8666666666666667,Bournemouth,1.3431952662721893,1.3905325443786982,1.2823529411764707,1.888235294117647,0.12305246422893479,1,Draw,0.01513888888888889,0.6615198412698413,0.32334126984126993
2026-02-09,Tottenham,Everton,Tottenham,1.8360655737704918,1.1024590163934427,1.4118852459016393,1.4528688524590163,Everton,1.506122448979592,1.1183673469387756,1.0411522633744856,1.4115226337448559,0.7949133103960062,1,Home Win,0.6369685629041315,0.20140548019171386,0.1616259569041544
2026-02-10,Liverpool,Arsenal,Liverpool,2.0864197530864197,0.7777777777777778,1.6714285714285715,1.1877551020408164,Arsenal,2.135523613963039,0.8993839835728953,1.653688524590164,1.165983606557377,0.43273122849625567,1,Home Win,0.4020325743238038,0.39452152588830114,0.20344589978789482
2026-02-11,Wolves,Chelsea,Wolves,1.242152466367713,1.4484304932735426,1.0266666666666666,1.6933333333333334,Chelsea,2.0491803278688523,0.8565573770491803,1.570841889117043,1.0821355236139631,-0.32868942274933,1,Away Win,0.4462495766330908,0.09490941308433562,0.45884101028257374
2026-02-12,Newcastle,Nott'm Forest,Newcastle,1.5879732739420935,1.1937639198218264,1.1266666666666667,1.6444444444444444,Nott'm Forest,1.4054054054054055,1.1216216216216217,1.2666666666666666,1.8666666666666667,0.3213066072754269,1,Home Win,0.7477758184081713,0.11778773024361257,0.13443645134821605
2026-02-13,Bournemouth,Fulham,Bournemouth,1.3431952662721893,1.3905325443786982,1.2823529411764707,1.888235294117647,Fulham,1.3644067796610169,1.307909604519774,0.9633802816901409,1.6084507042253522,0.37981498458204843,1,Home Win,0.6637121489621488,0.015923382173382173,0.32036446886446884
2026-02-14,Sheffield United,Luton,Sheffield United,1.0394736842105263,1.5789473684210527,0.618421052631579,1.855263157894737,Luton,1.4736842105263157,1.9473684210526316,1.263157894736842,2.526315789473684,-0.2236842105263157,1,Away Win,0.1231111111111111,0.10611111111111111,0.7707777777777778
2026-02-15,Burnley,Liverpool,Burnley,1.0526315789473684,1.391812865497076,0.9415204678362573,1.7251461988304093,Liverpool,2.0864197530864197,0.7777777777777778,1.6714285714285715,1.1877551020408164,-0.6187969924812031,1,Away Win,0.17677721352721362,0.0,0.8232227864727868
2026-02-16,Man United,Aston Villa,Man United,2.0081967213114753,0.8504098360655737,1.5737704918032787,1.1577868852459017,Aston Villa,1.3874709976798143,1.1786542923433874,1.1527777777777777,1.599537037037037,0.8554189435336976,1,Home Win,0.7631388020197173,0.12114130877943324,0.1157198892008491
2026-02-17,Brentford,Wolves,Brentford,1.7446808510638299,1.4893617021276595,1.3548387096774193,1.4731182795698925,Wolves,1.242152466367713,1.4484304932735426,1.0266666666666666,1.6933333333333334,0.7180141843971632,1,Home Win,0.5102582371332371,0.24203992303992317,0.24770183982684
2026-02-18,Chelsea,Crystal Palace,Chelsea,2.0491803278688523,0.8565573770491803,1.570841889117043,1.0821355236139631,Crystal Palace,1.1863117870722433,1.2661596958174905,1.1564885496183206,1.5801526717557253,0.8926917782505317,1,Home Win,0.7640080990436348,0.1594719256578863,0.07651997529847845
2026-02-19,Everton,Man City,Everton,1.506122448979592,1.1183673469387756,1.0411522633744856,1.4115226337448559,Man City,2.189765458422175,0.9253731343283582,1.628997867803838,1.183368869936034,-0.12287541882424602,1,Away Win,0.34893315462739577,0.14754986849907709,0.5035169768735271
2026-02-20,Brighton,Tottenham,Brighton,1.3411764705882352,1.311764705882353,1.2544378698224852,1.5680473372781065,Tottenham,1.8360655737704918,1.1024590163934427,1.4118852459016393,1.4528688524590163,-0.07070877531340414,1,Home Win,0.5099592444592443,0.10898085710585712,0.3810598984348985
2026-02-21,Arsenal,West Ham,Arsenal,2.135523613963039,0.8993839835728953,1.653688524590164,1.165983606557377,West Ham,1.426605504587156,1.353211009174312,1.089655172413793,1.6551724137931034,1.045868441549246,1,Home Win,0.7017685023943873,0.05278226305962458,0.24544923454598722
2026-02-22,Luton,Chelsea,Luton,1.4736842105263157,1.9473684210526316,1.263157894736842,2.526315789473684,Chelsea,2.0491803278688523,0.8565573770491803,1.570841889117043,1.0821355236139631,-0.09715767859072733,1,Away Win,0.05157155488358994,0.05098132117388634,0.8974471239425238
2026-02-23,Aston Villa,Burnley,Aston Villa,1.3874709976798143,1.1786542923433874,1.1527777777777777,1.599537037037037,Burnley,1.0526315789473684,1.391812865497076,0.9415204678362573,1.7251461988304093,0.445950529843557,1,Draw,0.3955933603433604,0.6019066396566392,0.0025
2026-02-24,Crystal Palace,Brentford,Crystal Palace,1.1863117870722433,1.2661596958174905,1.1564885496183206,1.5801526717557253,Brentford,1.7446808510638299,1.4893617021276595,1.3548387096774193,1.4731182795698925,-0.168526922605176,1,Away Win,0.18530843230843233,0.385841612091612,0.428849955599956
2026-02-25,Man City,Sheffield United,Man City,2.189765458422175,0.9253731343283582,1.628997867803838,1.183368869936034,Sheffield United,1.0394736842105263,1.5789473684210527,0.618421052631579,1.855263157894737,1.5713444057905959,1,Home Win,0.751125781625782,0.24887421837421855,0.0
2026-02-26,Wolves,Everton,Wolves,1.242152466367713,1.4484304932735426,1.0266666666666666,1.6933333333333334,Everton,1.506122448979592,1.1183673469387756,1.0411522633744856,1.4115226337448559,0.2010002029932274,1,Draw,0.21987691910486062,0.6763313671622493,0.1037917137328901
2026-02-27,Nott'm Forest,Man United,Nott'm Forest,1.4054054054054055,1.1216216216216217,1.2666666666666666,1.8666666666666667,Man United,2.0081967213114753,0.8504098360655737,1.5737704918032787,1.1577868852459017,-0.16836508639787318,1,Home Win,0.7375439652939652,0.007847374847374848,0.25460865985865994
2026-02-28,Fulham,Arsenal,Fulham,1.3644067796610169,1.307909604519774,0.9633802816901409,1.6084507042253522,Arsenal,2.135523613963039,0.8993839835728953,1.653688524590164,1.165983606557377,-0.28928174492914716,1,Away Win,0.2850853605023077,0.14382215320051855,0.5710924862971744
2026-03-01,Tottenham,Bournemouth,Tottenham,1.8360655737704918,1.1024590163934427,1.4118852459016393,1.4528688524590163,Bournemouth,1.3431952662721893,1.3905325443786982,1.2823529411764707,1.888235294117647,0.5537126325940211,1,Home Win,0.6808456679486089,0.21539862207509292,0.10375570997629813
2026-03-02,Liverpool,Newcastle,Liverpool,2.0864197530864197,0.7777777777777778,1.6714285714285715,1.1877551020408164,Newcastle,1.5879732739420935,1.1937639198218264,1.1266666666666667,1.6444444444444444,0.959753086419753,1,Home Win,0.80495828964924,0.19504171035075918,0.0
2026-03-03,West Ham,Brighton,West Ham,1.426605504587156,1.353211009174312,1.089655172413793,1.6551724137931034,Brighton,1.3411764705882352,1.311764705882353,1.2544378698224852,1.5680473372781065,0.17216763476467078,1,Draw,0.0,0.7476673674908969,0.25233263250910337
2026-03-04,Burnley,Luton,Burnley,1.0526315789473684,1.391812865497076,0.9415204678362573,1.7251461988304093,Luton,1.4736842105263157,1.9473684210526316,1.263157894736842,2.526315789473684,-0.21052631578947367,1,Draw,0.09547619047619048,0.659765873015873,0.24475793650793654
2026-03-05,Chelsea,Fulham,Chelsea,2.0491803278688523,0.8565573770491803,1.570841889117043,1.0821355236139631,Fulham,1.3644067796610169,1.307909604519774,0.9633802816901409,1.6084507042253522,1.0858000461787114,1,Home Win,0.6605962923497578,0.20493380575529935,0.13446990189494246
2026-03-06,Newcastle,Man City,Newcastle,1.5879732739420935,1.1937639198218264,1.1266666666666667,1.6444444444444444,Man City,2.189765458422175,0.9253731343283582,1.628997867803838,1.183368869936034,-0.041024593861744396,1,Away Win,0.24505949857996262,0.19677069635993372,0.5581698050601038
2026-03-07,Everton,Aston Villa,Everton,1.506122448979592,1.1183673469387756,1.0411522633744856,1.4115226337448559,Aston Villa,1.3874709976798143,1.1786542923433874,1.1527777777777777,1.599537037037037,0.35334467120181423,1,Away Win,0.2553245433316879,0.3041194091956711,0.4405560474726412
2026-03-08,Man United,Tottenham,Man United,2.0081967213114753,0.8504098360655737,1.5737704918032787,1.1577868852459017,Tottenham,1.8360655737704918,1.1024590163934427,1.4118852459016393,1.4528688524590163,0.596311475409836,1,Home Win,0.6814441443717651,0.1384692281651455,0.1800866274630892
2026-03-09,Arsenal,Crystal Palace,Arsenal,2.135523613963039,0.8993839835728953,1.653688524590164,1.165983606557377,Crystal Palace,1.1863117870722433,1.2661596958174905,1.1564885496183206,1.5801526717557253,0.9790350643447185,1,Draw,0.4452820334973552,0.47208334690017995,0.0826346196024652
2026-03-10,Brentford,Nott'm Forest,Brentford,1.7446808510638299,1.4893617021276595,1.3548387096774193,1.4731182795698925,Nott'm Forest,1.4054054054054055,1.1216216216216217,1.2666666666666666,1.8666666666666667,0.47801418439716326,1,Away Win,0.3422142857142856,0.008722222222222221,0.649063492063492
2026-03-11,Sheffield United,West Ham,Sheffield United,1.0394736842105263,1.5789473684210527,0.618421052631579,1.855263157894737,West Ham,1.426605504587156,1.353211009174312,1.089655172413793,1.6551724137931034,-0.05018148820326673,1,Home Win,0.4884130591630588,0.26847282347282353,0.2431141173641175
2026-03-12,Bournemouth,Liverpool,Bournemouth,1.3431952662721893,1.3905325443786982,1.2823529411764707,1.888235294117647,Liverpool,2.0864197530864197,0.7777777777777778,1.6714285714285715,1.1877551020408164,-0.32823330515638216,1,Away Win,0.14004778554778555,0.0,0.8599522144522147
2026-03-13,Brighton,Wolves,Brighton,1.3411764705882352,1.311764705882353,1.2544378698224852,1.5680473372781065,Wolves,1.242152466367713,1.4484304932735426,1.0266666666666666,1.6933333333333334,0.3145098039215686,1,Draw,0.3261380193880197,0.5172574185074186,0.15660456210456217
2026-03-14,Nott'm Forest,Arsenal,Nott'm Forest,1.4054054054054055,1.1216216216216217,1.2666666666666666,1.8666666666666667,Arsenal,2.135523613963039,0.8993839835728953,1.653688524590164,1.165983606557377,-0.24828311918475854,1,Draw,0.27013227513227545,0.4776931216931217,0.2521746031746033
2026-03-15,Fulham,Everton,Fulham,1.3644067796610169,1.307909604519774,0.9633802816901409,1.6084507042253522,Everton,1.506122448979592,1.1183673469387756,1.0411522633744856,1.4115226337448559,0.32325451628653123,1,Home Win,0.3404562476218488,0.323889603867663,0.3356541485104886
2026-03-16,Luton,Brighton,Luton,1.4736842105263157,1.9473684210526316,1.263157894736842,2.526315789473684,Brighton,1.3411764705882352,1.311764705882353,1.2544378698224852,1.5680473372781065,0.21924634070383053,1,Home Win,0.7104431216931216,0.1384805796055796,0.15107629870129868
2026-03-17,Crystal Palace,Sheffield United,Crystal Palace,1.1863117870722433,1.2661596958174905,1.1564885496183206,1.5801526717557253,Sheffield United,1.0394736842105263,1.5789473684210527,0.618421052631579,1.855263157894737,0.5678907344406643,1,Home Win,0.6608161375661374,0.020555555555555556,0.31862830687830707
2026-03-18,Aston Villa,Newcastle,Aston Villa,1.3874709976798143,1.1786542923433874,1.1527777777777777,1.599537037037037,Newcastle,1.5879732739420935,1.1937639198218264,1.1266666666666667,1.6444444444444444,0.2608043310131476,1,Home Win,0.5155743130256066,0.241567093975738,0.242858592998656
2026-03-19,Man City,Burnley,Man City,2.189765458422175,0.9253731343283582,1.628997867803838,1.183368869936034,Burnley,1.0526315789473684,1.391812865497076,0.9415204678362573,1.7251461988304093,1.2482449905859174,1,Home Win,0.71884761997262,0.2811523800273803,0.0
2026-03-20,Tottenham,Brentford,Tottenham,1.8360655737704918,1.1024590163934427,1.4118852459016393,1.4528688524590163,Brentford,1.7446808510638299,1.4893617021276595,1.3548387096774193,1.4731182795698925,0.4812268640930726,1,Home Win,0.9837460317460318,0.006222222222222222,0.010031746031746032
2026-03-21,Liverpool,Chelsea,Liverpool,2.0864197530864197,0.7777777777777778,1.6714285714285715,1.1877551020408164,Chelsea,2.0491803278688523,0.8565573770491803,1.570841889117043,1.0821355236139631,0.5155778639693767,1,Home Win,0.45799581953849594,0.3510346827282261,0.19096949773327765
2026-03-22,West Ham,Bournemouth,West Ham,1.426605504587156,1.353211009174312,1.089655172413793,1.6551724137931034,Bournemouth,1.3431952662721893,1.3905325443786982,1.2823529411764707,1.888235294117647,0.14425256341068526,1,Home Win,0.587774531024531,0.2067377344877346,0.2054877344877346
2026-03-23,Wolves,Man United,Wolves,1.242152466367713,1.4484304932735426,1.0266666666666666,1.6933333333333334,Man United,2.0081967213114753,0.8504098360655737,1.5737704918032787,1.1577868852459017,-0.3316180254355656,1,Away Win,0.42596430522617323,0.08326113627132713,0.49077455850249985
2026-03-24,Everton,Tottenham,Everton,1.506122448979592,1.1183673469387756,1.0411522633744856,1.4115226337448559,Tottenham,1.8360655737704918,1.1024590163934427,1.4118852459016393,1.4528688524590163,0.09423720307795258,1,Draw,0.17466424576622278,0.5629798797247217,0.26235587450905556
2026-03-25,Brighton,Crystal Palace,Brighton,1.3411764705882352,1.311764705882353,1.2544378698224852,1.5680473372781065,Crystal Palace,1.1863117870722433,1.2661596958174905,1.1564885496183206,1.5801526717557253,0.1846879209699146,1,Away Win,0.2993795741295742,0.2946316183816186,0.4059888074888075
2026-03-26,Burnley,Fulham,Burnley,1.0526315789473684,1.391812865497076,0.9415204678362573,1.7251461988304093,Fulham,1.3644067796610169,1.307909604519774,0.9633802816901409,1.6084507042253522,0.08925129725722747,1,Draw,0.35340079365079363,0.6157103174603173,0.030888888888888886
2026-03-27,Newcastle,Luton,Newcastle,1.5879732739420935,1.1937639198218264,1.1266666666666667,1.6444444444444444,Luton,1.4736842105263157,1.9473684210526316,1.263157894736842,2.526315789473684,0.3248153792052515,1,Draw,0.15431661856661857,0.6672146464646466,0.17846873496873503
2026-03-28,Sheffield United,Aston Villa,Sheffield United,1.0394736842105263,1.5789473684210527,0.618421052631579,1.855263157894737,Aston Villa,1.3874709976798143,1.1786542923433874,1.1527777777777777,1.599537037037037,-0.11330409356725135,1,Home Win,0.4987508417508416,0.24792628667628663,0.25332287157287176
2026-03-29,Bournemouth,Nott'm Forest,Bournemouth,1.3431952662721893,1.3905325443786982,1.2823529411764707,1.888235294117647,Nott'm Forest,1.4054054054054055,1.1216216216216217,1.2666666666666666,1.8666666666666667,0.07652859960552272,1,Draw,0.4814145021645024,0.5152521645021643,0.0033333333333333335
2026-03-30,Chelsea,Wolves,Chelsea,2.0491803278688523,0.8565573770491803,1.570841889117043,1.0821355236139631,Wolves,1.242152466367713,1.4484304932735426,1.0266666666666666,1.6933333333333334,1.0225136612021857,1,Home Win,0.6340739611265926,0.27370214103921553,0.09222389783419192
2026-03-31,Man United,West Ham,Man United,2.0081967213114753,0.8504098360655737,1.5737704918032787,1.1577868852459017,West Ham,1.426605504587156,1.353211009174312,1.089655172413793,1.6551724137931034,0.9185415488976822,1,Home Win,0.6851060888518954,0.1257254257392399,0.18916848540886463
2026-04-01,Arsenal,Liverpool,Arsenal,2.135523613963039,0.8993839835728953,1.653688524590164,1.165983606557377,Liverpool,2.0864197530864197,0.7777777777777778,1.6714285714285715,1.1877551020408164,0.46409504253446765,1,Draw,0.3898152728053559,0.4635951977527041,0.1465895294419398
2026-04-02,Brentford,Man City,Brentford,1.7446808510638299,1.4893617021276595,1.3548387096774193,1.4731182795698925,Man City,2.189765458422175,0.9253731343283582,1.628997867803838,1.183368869936034,0.11568298325999193,1,Away Win,0.22594648869648878,0.3823015688015692,0.3917519425019428
2026-04-03,Man City,Everton,Man City,2.189765458422175,0.9253731343283582,1.628997867803838,1.183368869936034,Everton,1.506122448979592,1.1183673469387756,1.0411522633744856,1.4115226337448559,1.1486131950476892,1,Home Win,0.5036058826265578,0.3066772214390263,0.18971689593441543
2026-04-04,Fulham,Bournemouth,Fulham,1.3644067796610169,1.307909604519774,0.9633802816901409,1.6084507042253522,Bournemouth,1.3431952662721893,1.3905325443786982,1.2823529411764707,1.888235294117647,0.08205383848454617,1,Draw,0.2686838624338625,0.4826759259259259,0.24864021164021166
2026-04-05,Liverpool,Burnley,Liverpool,2.0864197530864197,0.7777777777777778,1.6714285714285715,1.1877551020408164,Burnley,1.0526315789473684,1.391812865497076,0.9415204678362573,1.7251461988304093,1.1448992852501623,1,Home Win,0.6580503992195164,0.22882340752929012,0.11312619325119322
2026-04-06,Luton,Sheffield United,Luton,1.4736842105263157,1.9473684210526316,1.263157894736842,2.526315789473684,Sheffield United,1.0394736842105263,1.5789473684210527,0.618421052631579,1.855263157894737,0.8552631578947367,1,Away Win,0.21885714285714286,0.07497619047619047,0.7061666666666666
2026-04-07,Tottenham,Brighton,Tottenham,1.8360655737704918,1.1024590163934427,1.4118852459016393,1.4528688524590163,Brighton,1.3411764705882352,1.311764705882353,1.2544378698224852,1.5680473372781065,0.5816277039480067,1,Home Win,0.8258988696488699,0.0002777777777777778,0.1738233525733527
2026-04-08,Wolves,Brentford,Wolves,1.242152466367713,1.4484304932735426,1.0266666666666666,1.6933333333333334,Brentford,1.7446808510638299,1.4893617021276595,1.3548387096774193,1.4731182795698925,-0.11268624330970622,1,Away Win,0.29983670033670023,0.2185013227513228,0.4816619769119767
2026-04-09,Nott'm Forest,Newcastle,Nott'm Forest,1.4054054054054055,1.1216216216216217,1.2666666666666666,1.8666666666666667,Newcastle,1.5879732739420935,1.1937639198218264,1.1266666666666667,1.6444444444444444,0.2787387387387388,1,Away Win,0.03258078958078958,0.012319088319088317,0.955100122100122
2026-04-10,West Ham,Arsenal,West Ham,1.426605504587156,1.353211009174312,1.089655172413793,1.6551724137931034,Arsenal,2.135523613963039,0.8993839835728953,1.653688524590164,1.165983606557377,-0.22708302000300806,1,Away Win,0.10378832867203701,0.3361785455673779,0.5600331257605847
2026-04-11,Aston Villa,Man United,Aston Villa,1.3874709976798143,1.1786542923433874,1.1527777777777777,1.599537037037037,Man United,2.0081967213114753,0.8504098360655737,1.5737704918032787,1.1577868852459017,-0.18629949412346436,1,Away Win,0.0,0.3994880657754367,0.6005119342245625
2026-04-12,Crystal Palace,Chelsea,Crystal Palace,1.1863117870722433,1.2661596958174905,1.1564885496183206,1.5801526717557253,Chelsea,2.0491803278688523,0.8565573770491803,1.570841889117043,1.0821355236139631,-0.38453010204479976,1,Away Win,0.17713308101427327,0.09739669357703407,0.7254702254086923
2026-04-13,Brentford,Liverpool,Brentford,1.7446808510638299,1.4893617021276595,1.3548387096774193,1.4731182795698925,Liverpool,2.0864197530864197,0.7777777777777778,1.6714285714285715,1.1877551020408164,0.07325227963525838,1,Away Win,0.2041889236494501,0.21262379238695026,0.5831872839635993
2026-04-14,Burnley,Arsenal,Burnley,1.0526315789473684,1.391812865497076,0.9415204678362573,1.7251461988304093,Arsenal,2.135523613963039,0.8993839835728953,1.653688524590164,1.165983606557377,-0.6010569456427957,1,Away Win,0.0,0.3346141606215135,0.6653858393784858
2026-04-15,Fulham,Aston Villa,Fulham,1.3644067796610169,1.307909604519774,0.9633802816901409,1.6084507042253522,Aston Villa,1.3874709976798143,1.1786542923433874,1.1527777777777777,1.599537037037037,0.2116290018832392,1,Home Win,0.37910983721339286,0.31187691444141724,0.3090132483451899
2026-04-16,Newcastle,Bournemouth,Newcastle,1.5879732739420935,1.1937639198218264,1.1266666666666667,1.6444444444444444,Bournemouth,1.3431952662721893,1.3905325443786982,1.2823529411764707,1.888235294117647,0.30562033276562284,1,Away Win,0.2897013438631086,0.14010680196709605,0.5701918541697952
2026-04-17,Nott'm Forest,West Ham,Nott'm Forest,1.4054054054054055,1.1216216216216217,1.2666666666666666,1.8666666666666667,West Ham,1.426605504587156,1.353211009174312,1.089655172413793,1.6551724137931034,0.3157502329916124,1,Home Win,0.979672514619883,0.0075321637426900585,0.0127953216374269
2026-04-18,Tottenham,Wolves,Tottenham,1.8360655737704918,1.1024590163934427,1.4118852459016393,1.4528688524590163,Wolves,1.242152466367713,1.4484304932735426,1.0266666666666666,1.6933333333333334,0.8093989071038252,1,Away Win,0.2999324660690758,0.2947241039833921,0.4053434299475322
2026-04-19,Man City,Chelsea,Man City,2.189765458422175,0.9253731343283582,1.628997867803838,1.183368869936034,Chelsea,2.0491803278688523,0.8565573770491803,1.570841889117043,1.0821355236139631,0.6189235693051318,1,Home Win,0.4911866273918913,0.09768236295652477,0.4111310096515837
2026-04-20,Sheffield United,Brighton,Sheffield United,1.0394736842105263,1.5789473684210527,0.618421052631579,1.855263157894737,Brighton,1.3411764705882352,1.311764705882353,1.2544378698224852,1.5680473372781065,-0.21496418561195885,1,Away Win,0.3072103174603175,0.32949074074074064,0.36329894179894184
2026-04-21,Luton,Man United,Luton,1.4736842105263157,1.9473684210526316,1.263157894736842,2.526315789473684,Man United,2.0081967213114753,0.8504098360655737,1.5737704918032787,1.1577868852459017,-0.10008628127696295,1,Away Win,0.08430521787732169,0.04475503237730192,0.8709397497453761
2026-04-22,Everton,Crystal Palace,Everton,1.506122448979592,1.1183673469387756,1.0411522633744856,1.4115226337448559,Crystal Palace,1.1863117870722433,1.2661596958174905,1.1564885496183206,1.5801526717557253,0.3496338993612713,1,Home Win,0.5989657356174382,0.23221068223428928,0.16882358214827267
2026-04-23,Man City,Brentford,Man City,2.189765458422175,0.9253731343283582,1.628997867803838,1.183368869936034,Brentford,1.7446808510638299,1.4893617021276595,1.3548387096774193,1.4731182795698925,0.8349267487447556,1,Home Win,0.7835113429243863,0.002795119534249969,0.21369353754136375
2026-04-24,Liverpool,Luton,Liverpool,2.0864197530864197,0.7777777777777778,1.6714285714285715,1.1877551020408164,Luton,1.4736842105263157,1.9473684210526316,1.263157894736842,2.526315789473684,0.8232618583495777,1,Home Win,0.866899470899471,0.0027777777777777775,0.13032275132275134
2026-04-25,Aston Villa,Nott'm Forest,Aston Villa,1.3874709976798143,1.1786542923433874,1.1527777777777777,1.599537037037037,Nott'm Forest,1.4054054054054055,1.1216216216216217,1.2666666666666666,1.8666666666666667,0.12080433101314769,1,Home Win,0.9844444444444446,0.009185185185185185,0.006370370370370371
2026-04-26,Brighton,Everton,Brighton,1.3411764705882352,1.311764705882353,1.2544378698224852,1.5680473372781065,Everton,1.506122448979592,1.1183673469387756,1.0411522633744856,1.4115226337448559,0.30002420721374956,1,Away Win,0.2794100360423893,0.27683625851272925,0.443753705444882
2026-04-27,Crystal Palace,Burnley,Crystal Palace,1.1863117870722433,1.2661596958174905,1.1564885496183206,1.5801526717557253,Burnley,1.0526315789473684,1.391812865497076,0.9415204678362573,1.7251461988304093,0.24479131923598596,1,Away Win,0.2773210585710585,0.27815049765049793,0.4445284437784439
2026-04-28,Man United,Fulham,Man United,2.0081967213114753,0.8504098360655737,1.5737704918032787,1.1577868852459017,Fulham,1.3644067796610169,1.307909604519774,0.9633802816901409,1.6084507042253522,1.0448164396213344,1,Home Win,0.7737874299205854,0.11894623955518653,0.10726633052422746
2026-04-29,Bournemouth,Man City,Bournemouth,1.3431952662721893,1.3905325443786982,1.2823529411764707,1.888235294117647,Man City,2.189765458422175,0.9253731343283582,1.628997867803838,1.183368869936034,-0.2858026015316486,1,Away Win,0.12969106030135444,0.0,0.8703089396986456
2026-04-30,Arsenal,Newcastle,Arsenal,2.135523613963039,0.8993839835728953,1.653688524590164,1.165983606557377,Newcastle,1.5879732739420935,1.1937639198218264,1.1266666666666667,1.6444444444444444,1.0088569472963724,1,Home Win,0.8786403347797616,0.05663037200842756,0.06472929321181102
2026-05-01,Wolves,Sheffield United,Wolves,1.242152466367713,1.4484304932735426,1.0266666666666666,1.6933333333333334,Sheffield United,1.0394736842105263,1.5789473684210527,0.618421052631579,1.855263157894737,0.623731413736134,1,Home Win,0.6509947089947089,0.33400529100529114,0.015
2026-05-02,West Ham,Brentford,West Ham,1.426605504587156,1.353211009174312,1.089655172413793,1.6551724137931034,Brentford,1.7446808510638299,1.4893617021276595,1.3548387096774193,1.4731182795698925,0.0717667949097367,1,Away Win,0.005,0.008333333333333333,0.9866666666666667
2026-05-03,Brentford,Chelsea,Brentford,1.7446808510638299,1.4893617021276595,1.3548387096774193,1.4731182795698925,Chelsea,2.0491803278688523,0.8565573770491803,1.570841889117043,1.0821355236139631,0.17383896194678683,1,Draw,0.01844444444444444,0.7372791005291007,0.24427645502645517
2026-05-04,Everton,West Ham,Everton,1.506122448979592,1.1183673469387756,1.0411522633744856,1.4115226337448559,West Ham,1.426605504587156,1.353211009174312,1.089655172413793,1.6551724137931034,0.41646727656579885,1,Home Win,0.4185077356702919,0.3073920717022342,0.27410019262747376
2026-05-05,Fulham,Brighton,Fulham,1.3644067796610169,1.307909604519774,0.9633802816901409,1.6084507042253522,Brighton,1.3411764705882352,1.311764705882353,1.2544378698224852,1.5680473372781065,0.10996890983853169,1,Home Win,0.8020882635882637,0.19791173641173643,0.0
2026-05-06,Newcastle,Wolves,Newcastle,1.5879732739420935,1.1937639198218264,1.1266666666666667,1.6444444444444444,Wolves,1.242152466367713,1.4484304932735426,1.0266666666666666,1.6933333333333334,0.5613066072754269,1,Home Win,0.6025842534371946,0.2545616562087153,0.14285409035409047
2026-05-07,Nott'm Forest,Liverpool,Nott'm Forest,1.4054054054054055,1.1216216216216217,1.2666666666666666,1.8666666666666667,Liverpool,2.0864197530864197,0.7777777777777778,1.6714285714285715,1.1877551020408164,-0.266023166023166,1,Draw,0.31609409571909586,0.6647891414141414,0.01911676286676287
2026-05-08,Tottenham,Crystal Palace,Tottenham,1.8360655737704918,1.1024590163934427,1.4118852459016393,1.4528688524590163,Crystal Palace,1.1863117870722433,1.2661596958174905,1.1564885496183206,1.5801526717557253,0.6795770241521712,1,Home Win,0.7508796918452475,0.16474375919344975,0.08437654896130121
2026-05-09,Luton,Aston Villa,Luton,1.4736842105263157,1.9473684210526316,1.263157894736842,2.526315789473684,Aston Villa,1.3874709976798143,1.1786542923433874,1.1527777777777777,1.599537037037037,0.32090643274853803,1,Away Win,0.18842940811911404,0.12418479077681864,0.6873858011040674
2026-05-10,Burnley,Bournemouth,Burnley,1.0526315789473684,1.391812865497076,0.9415204678362573,1.7251461988304093,Bournemouth,1.3431952662721893,1.3905325443786982,1.2823529411764707,1.888235294117647,-0.22972136222910233,1,Home Win,0.6216666666666667,0.0020833333333333333,0.37625
2026-05-11,Man City,Man United,Man City,2.189765458422175,0.9253731343283582,1.628997867803838,1.183368869936034,Man United,2.0081967213114753,0.8504098360655737,1.5737704918032787,1.1577868852459017,0.6159949666188962,1,Home Win,0.4704914083645786,0.09411979278537001,0.43538879885005133
2026-05-12,Sheffield United,Arsenal,Sheffield United,1.0394736842105263,1.5789473684210527,0.618421052631579,1.855263157894737,Arsenal,2.135523613963039,0.8993839835728953,1.653688524590164,1.165983606557377,-0.6142148403796377,1,Away Win,0.4825737133237133,0.0011111111111111111,0.5163151755651756
2026-05-13,Man United,Everton,Man United,2.0081967213114753,0.8504098360655737,1.5737704918032787,1.1577868852459017,Everton,1.506122448979592,1.1183673469387756,1.0411522633744856,1.4115226337448559,0.9670444579369897,1,Home Win,0.7602216247706647,0.19493006016461054,0.04484831506472419
2026-05-14,Bournemouth,Sheffield United,Bournemouth,1.3431952662721893,1.3905325443786982,1.2823529411764707,1.888235294117647,Sheffield United,1.0394736842105263,1.5789473684210527,0.618421052631579,1.855263157894737,0.7247742136406103,1,Draw,0.055092592592592596,0.9202962962962962,0.024611111111111108
